OBJECTID,N,3,0	RS,C,5	AGS,C,5	SDV_RS,C,12	GEN,C,33	BEZ,C,16	IBZ,N,2,0	BEM,C,13	SN_L,C,2	SN_R,C,1	SN_K,C,2	SN_V1,C,2	SN_V2,C,2	SN_G,C,3	FK_S3,C,1	NUTS,C,5	WSK,C,24	EWZ,N,7,0	KFL,N,24,15	Shape__Are,N,24,15	Shape__Len,N,24,15	Kennziffer,N,5,0	EWZ_18,C,1
1	01001	01001	010010000000	Flensburg	Kreisfreie Stadt	40	--	01	0	01	00	00	000	R	DEF01	2008-01-01T00:00:00.000Z	88519	56,730000000000000	147694307,422852000000000	74101,603815890000000	1001	
2	01002	01002	010020000000	Kiel	Kreisfreie Stadt	40	--	01	0	02	00	00	000	R	DEF02	2006-01-01T00:00:00.000Z	247943	118,650000000000000	329476615,663574000000000	179001,596838441000000	1002	
3	01003	01003	010030000000	Lübeck	Kreisfreie Stadt	40	--	01	0	03	00	00	000	R	DEF03	2006-02-01T00:00:00.000Z	216318	214,190000000000000	608078580,749023000000000	248246,790846348000000	1003	
4	01004	01004	010040000000	Neumünster	Kreisfreie Stadt	40	--	01	0	04	00	00	000	R	DEF04	1970-04-26T00:00:00.000Z	79335	71,660000000000000	207184069,101563000000000	93458,293460857300000	1004	
5	01051	01051	010510044044	Dithmarschen	Kreis	42	--	01	0	51	00	00	000	R	DEF05	2011-08-01T00:00:00.000Z	133447	1428,180000000000000	4146879320,279790000000000	428150,136615923000000	1051	
6	01053	01053	010530100100	Herzogtum Lauenburg	Kreis	42	--	01	0	53	00	00	000	R	DEF06	2009-01-01T00:00:00.000Z	196074	1263,070000000000000	3576992415,065920000000000	430998,254248465000000	1053	
7	01054	01054	010540056056	Nordfriesland	Kreis	42	--	01	0	54	00	00	000	R	DEF07	2016-01-01T00:00:00.000Z	165462	2083,520000000000000	6217599018,207030000000000	1103060,763645970000000	1054	
8	01055	01055	010550012012	Ostholstein	Kreis	42	--	01	0	55	00	00	000	R	DEF08	2010-01-01T00:00:00.000Z	200584	1393,000000000000000	4041360085,600590000000000	618503,293671748000000	1055	
9	01056	01056	010560039039	Pinneberg	Kreis	42	--	01	0	56	00	00	000	R	DEF09	2009-01-01T00:00:00.000Z	312662	664,270000000000000	1816149753,946780000000000	314023,149334311000000	1056	
10	01057	01057	010570057057	Plön	Kreis	42	--	01	0	57	00	00	000	R	DEF0A	2009-01-01T00:00:00.000Z	128842	1083,560000000000000	3165012799,502930000000000	391356,095384728000000	1057	
11	01058	01058	010580135135	Rendsburg-Eckernförde	Kreis	42	--	01	0	58	00	00	000	R	DEF0B	2014-02-01T00:00:00.000Z	273022	2189,790000000000000	6353949410,383300000000000	636187,883029844000000	1058	
12	01059	01059	010590075075	Schleswig-Flensburg	Kreis	42	--	01	0	59	00	00	000	R	DEF0C	2016-01-01T00:00:00.000Z	199503	2071,330000000000000	5926779596,624020000000000	755153,626479329000000	1059	
13	01060	01060	010600005005	Segeberg	Kreis	42	--	01	0	60	00	00	000	R	DEF0D	2010-01-01T00:00:00.000Z	274025	1344,470000000000000	3872907409,992190000000000	488290,932604855000000	1060	
14	01061	01061	010610046046	Steinburg	Kreis	42	--	01	0	61	00	00	000	R	DEF0E	2009-01-01T00:00:00.000Z	131613	1055,710000000000000	2930952414,775390000000000	350957,157345326000000	1061	
15	01062	01062	010620004004	Stormarn	Kreis	42	--	01	0	62	00	00	000	R	DEF0F	2010-01-01T00:00:00.000Z	242472	766,220000000000000	2183590817,959470000000000	429300,960168303000000	1062	
16	02000	02000	020000000000	Hamburg	Kreisfreie Stadt	40	--	02	0	00	00	00	000	R	DE600	1974-01-01T00:00:00.000Z	1830584	755,090000000000000	2089396054,850100000000000	418800,187474112000000	2000	
17	03101	03101	031010000000	Braunschweig	Kreisfreie Stadt	40	--	03	1	01	00	00	000	K	DE911	1974-03-01T00:00:00.000Z	248023	192,700000000000000	512920024,119141000000000	157241,435006275000000	3101	
18	03102	03102	031020000000	Salzgitter	Kreisfreie Stadt	40	--	03	1	02	00	00	000	K	DE912	1974-03-01T00:00:00.000Z	104548	224,490000000000000	595996379,365723000000000	177734,245053060000000	3102	
19	03103	03103	031030000000	Wolfsburg	Kreisfreie Stadt	40	--	03	1	03	00	00	000	K	DE913	1972-07-01T00:00:00.000Z	123914	204,610000000000000	550002452,833984000000000	149550,158733602000000	3103	
20	03151	03151	031510009009	Gifhorn	Landkreis	43	--	03	1	51	00	00	000	K	DE914	2009-01-01T00:00:00.000Z	175079	1567,580000000000000	4242564265,057620000000000	462823,233098722000000	3151	
21	03153	03153	031530017017	Goslar	Landkreis	43	--	03	1	53	00	00	000	K	DE916	2014-01-01T00:00:00.000Z	137563	966,730000000000000	2538178765,049800000000000	377877,690050125000000	3153	
22	03154	03154	031540028028	Helmstedt	Landkreis	43	--	03	1	54	00	00	000	K	DE917	2017-07-01T00:00:00.000Z	91720	676,120000000000000	1800463905,849610000000000	377422,682491774000000	3154	
23	03155	03155	031550011011	Northeim	Landkreis	43	--	03	1	55	00	00	000	K	DE918	2009-01-01T00:00:00.000Z	133046	1268,760000000000000	3306749920,623540000000000	368935,208531378000000	3155	
24	03157	03157	031570006006	Peine	Landkreis	43	--	03	1	57	00	00	000	K	DE91A	2009-01-01T00:00:00.000Z	133368	536,500000000000000	1431953645,201170000000000	245080,948552498000000	3157	
25	03158	03158	031580037037	Wolfenbüttel	Landkreis	43	--	03	1	58	00	00	000	K	DE91B	2009-01-01T00:00:00.000Z	120437	724,290000000000000	1918573319,919430000000000	350011,621796754000000	3158	
26	03159	03159	031590016016	Göttingen	Landkreis	43	--	03	1	59	00	00	000	K	-----	2016-11-01T00:00:00.000Z	328036	1755,530000000000000	4534510920,050780000000000	618094,226862214000000	3159	
27	03241	03241	032410001001	Region Hannover	Landkreis	45	Sonderverband	03	2	41	00	00	000	K	DE929	2009-01-01T00:00:00.000Z	1152675	2297,130000000000000	6167237247,531250000000000	620551,925747568000000	3241	
28	03251	03251	032510012012	Diepholz	Landkreis	43	--	03	2	51	00	00	000	K	DE922	2009-01-01T00:00:00.000Z	216012	1990,990000000000000	5418510023,490720000000000	508748,324513789000000	3251	
29	03252	03252	032520006006	Hameln-Pyrmont	Landkreis	43	--	03	2	52	00	00	000	K	DE923	2009-01-01T00:00:00.000Z	148296	797,530000000000000	2110567261,250490000000000	339899,975911718000000	3252	
30	03254	03254	032540021021	Hildesheim	Landkreis	43	--	03	2	54	00	00	000	K	DE925	2009-01-01T00:00:00.000Z	276640	1208,350000000000000	3193762122,968750000000000	407877,531225378000000	3254	
31	03255	03255	032550023023	Holzminden	Landkreis	43	--	03	2	55	00	00	000	K	DE926	2009-01-01T00:00:00.000Z	71144	694,230000000000000	1819727304,829100000000000	305789,234938875000000	3255	
32	03256	03256	032560022022	Nienburg (Weser)	Landkreis	43	--	03	2	56	00	00	000	K	DE927	2009-01-01T00:00:00.000Z	121470	1400,810000000000000	3793625894,754390000000000	522578,451349358000000	3256	
33	03257	03257	032570035035	Schaumburg	Landkreis	43	--	03	2	57	00	00	000	K	DE928	2009-01-01T00:00:00.000Z	157883	675,690000000000000	1804817318,384770000000000	336083,313691295000000	3257	
34	03351	03351	033510006006	Celle	Landkreis	43	--	03	3	51	00	00	000	K	DE931	2009-01-01T00:00:00.000Z	178764	1550,820000000000000	4215805320,800780000000000	405195,112045969000000	3351	
35	03352	03352	033520011011	Cuxhaven	Landkreis	43	--	03	3	52	00	00	000	K	DE932	2010-01-01T00:00:00.000Z	198100	2058,970000000000000	5841460214,068360000000000	520135,312711437000000	3352	
36	03353	03353	033530040040	Harburg	Landkreis	43	--	03	3	53	00	00	000	K	DE933	2009-01-01T00:00:00.000Z	251511	1248,450000000000000	3493372546,616210000000000	430319,607615247000000	3353	
37	03354	03354	033545407018	Lüchow-Dannenberg	Landkreis	43	--	03	3	54	00	00	000	K	DE934	2009-01-01T00:00:00.000Z	48357	1227,280000000000000	3383198948,462890000000000	378936,074624046000000	3354	
38	03355	03355	033550022022	Lüneburg	Landkreis	43	--	03	3	55	00	00	000	K	DE935	2014-11-01T00:00:00.000Z	182930	1327,800000000000000	3697283953,219730000000000	532230,365115975000000	3355	
39	03356	03356	033560007007	Osterholz	Landkreis	43	--	03	3	56	00	00	000	K	DE936	2009-01-01T00:00:00.000Z	113105	652,670000000000000	1821364196,800290000000000	300680,005859416000000	3356	
40	03357	03357	033570039039	Rotenburg (Wümme)	Landkreis	43	--	03	3	57	00	00	000	K	DE937	2009-01-01T00:00:00.000Z	163377	2074,780000000000000	5782228808,853520000000000	590994,267938468000000	3357	
41	03358	03358	033580008008	Heidekreis	Landkreis	43	--	03	3	58	00	00	000	K	DE938	2011-08-01T00:00:00.000Z	139099	1881,460000000000000	5169968410,249020000000000	606025,480146193000000	3358	
42	03359	03359	033590038038	Stade	Landkreis	43	--	03	3	59	00	00	000	K	DE939	2009-01-01T00:00:00.000Z	201887	1267,390000000000000	3415578754,028810000000000	506897,024873945000000	3359	
43	03360	03360	033600025025	Uelzen	Landkreis	43	--	03	3	60	00	00	000	K	DE93A	2009-01-01T00:00:00.000Z	92744	1462,600000000000000	4027238698,445800000000000	366796,095481859000000	3360	
44	03361	03361	033610012012	Verden	Landkreis	43	--	03	3	61	00	00	000	K	DE93B	2009-01-01T00:00:00.000Z	136590	789,340000000000000	2172089328,768070000000000	373001,115518804000000	3361	
45	03401	03401	034010000000	Delmenhorst	Kreisfreie Stadt	40	--	03	4	01	00	00	000	K	DE941	1974-03-01T00:00:00.000Z	77521	62,450000000000000	172562476,283203000000000	76845,842061102300000	3401	
46	03402	03402	034020000000	Emden	Kreisfreie Stadt	40	--	03	4	02	00	00	000	K	DE942	2004-12-31T00:00:00.000Z	50607	112,340000000000000	311756113,403320000000000	113904,344741271000000	3402	
47	03403	03403	034030000000	Oldenburg (Oldb)	Kreisfreie Stadt	40	--	03	4	03	00	00	000	K	DE943	2001-11-13T00:00:00.000Z	167081	103,090000000000000	287764592,485352000000000	86784,674872151900000	3403	
48	03404	03404	034040000000	Osnabrück	Kreisfreie Stadt	40	--	03	4	04	00	00	000	K	DE944	1972-07-01T00:00:00.000Z	164374	119,800000000000000	320683004,170898000000000	121675,262752533000000	3404	
49	03405	03405	034050000000	Wilhelmshaven	Kreisfreie Stadt	40	--	03	4	05	00	00	000	K	DE945	2005-04-23T00:00:00.000Z	76316	107,070000000000000	304272402,294434000000000	96594,107544369200000	3405	
50	03451	03451	034510007007	Ammerland	Landkreis	43	--	03	4	51	00	00	000	K	DE946	2009-01-01T00:00:00.000Z	123377	730,630000000000000	2031715187,190920000000000	256828,044957354000000	3451	
51	03452	03452	034520001001	Aurich	Landkreis	43	--	03	4	52	00	00	000	K	DE947	2009-01-01T00:00:00.000Z	189949	1287,340000000000000	3650385454,249510000000000	617069,093277697000000	3452	
52	03453	03453	034530004004	Cloppenburg	Landkreis	43	--	03	4	53	00	00	000	K	DE948	2009-01-01T00:00:00.000Z	167925	1420,350000000000000	3900683055,676760000000000	377828,485450323000000	3453	
53	03454	03454	034540035035	Emsland	Landkreis	43	--	03	4	54	00	00	000	K	DE949	2009-01-01T00:00:00.000Z	323636	2883,660000000000000	7853278514,511720000000000	495424,958326229000000	3454	
54	03455	03455	034550007007	Friesland	Landkreis	43	--	03	4	55	00	00	000	K	DE94A	2009-01-01T00:00:00.000Z	98509	609,540000000000000	1743437868,509280000000000	351611,099935133000000	3455	
55	03456	03456	034560015015	Grafschaft Bentheim	Landkreis	43	--	03	4	56	00	00	000	K	DE94B	2009-01-01T00:00:00.000Z	135859	981,810000000000000	2642446481,616700000000000	318104,212903148000000	3456	
56	03457	03457	034570013013	Leer	Landkreis	43	--	03	4	57	00	00	000	K	DE94C	2009-01-01T00:00:00.000Z	168946	1085,690000000000000	2967665216,945800000000000	380494,395062877000000	3457	
57	03458	03458	034580014014	Oldenburg	Landkreis	43	--	03	4	58	00	00	000	K	DE94D	2009-01-01T00:00:00.000Z	129924	1064,830000000000000	2933789510,936520000000000	328700,313597614000000	3458	
58	03459	03459	034040000000	Osnabrück	Landkreis	43	--	03	4	59	00	00	000	K	DE94E	1998-04-01T00:00:00.000Z	356140	2121,810000000000000	5683182017,243160000000000	617549,307431353000000	3459	
59	03460	03460	034600009009	Vechta	Landkreis	43	--	03	4	60	00	00	000	K	DE94F	2009-01-01T00:00:00.000Z	140540	814,190000000000000	2208386159,607910000000000	289033,074815178000000	3460	
60	03461	03461	034610002002	Wesermarsch	Landkreis	43	--	03	4	61	00	00	000	K	DE94G	2009-01-01T00:00:00.000Z	89022	824,760000000000000	2321233394,754390000000000	339648,662282031000000	3461	
61	03462	03462	034620019019	Wittmund	Landkreis	43	--	03	4	62	00	00	000	K	DE94H	2009-01-01T00:00:00.000Z	56731	656,840000000000000	1866963502,689940000000000	399358,319419578000000	3462	
62	04011	04011	040110000000	Bremen	Kreisfreie Stadt	40	--	04	0	11	00	00	000	R	DE501	2002-01-01T00:00:00.000Z	568006	317,880000000000000	902448212,446777000000000	253968,748255064000000	4011	
63	04012	04012	040120000000	Bremerhaven	Kreisfreie Stadt	40	--	04	0	12	00	00	000	R	DE502	2010-01-01T00:00:00.000Z	113026	101,530000000000000	216708533,000977000000000	112581,401694175000000	4012	
64	05111	05111	051110000000	Düsseldorf	Kreisfreie Stadt	40	--	05	1	11	00	00	000	R	DEA11	1980-01-01T00:00:00.000Z	617280	217,410000000000000	553973683,500000000000000	178821,383237041000000	5111	
65	05112	05112	051120000000	Duisburg	Kreisfreie Stadt	40	--	05	1	12	00	00	000	R	DEA12	1975-01-01T00:00:00.000Z	498110	232,800000000000000	599004536,569336000000000	152967,484320130000000	5112	
66	05113	05113	051130000000	Essen	Kreisfreie Stadt	40	--	05	1	13	00	00	000	R	DEA13	2006-10-01T00:00:00.000Z	583393	210,340000000000000	540832330,102051000000000	130239,024469482000000	5113	
67	05114	05114	051140000000	Krefeld	Kreisfreie Stadt	40	--	05	1	14	00	00	000	R	DEA14	2001-02-01T00:00:00.000Z	226699	137,770000000000000	349686958,899414000000000	101498,889163903000000	5114	
68	05116	05116	051160000000	Mönchengladbach	Kreisfreie Stadt	40	--	05	1	16	00	00	000	R	DEA15	1995-07-01T00:00:00.000Z	262188	170,470000000000000	433620195,478516000000000	134613,476592531000000	5116	
69	05117	05117	051170000000	Mülheim an der Ruhr	Kreisfreie Stadt	40	--	05	1	17	00	00	000	R	DEA16	1975-01-01T00:00:00.000Z	171265	91,280000000000000	234267456,761230000000000	76389,657502041300000	5117	
70	05119	05119	051190000000	Oberhausen	Kreisfreie Stadt	40	--	05	1	19	00	00	000	R	DEA17	2006-10-01T00:00:00.000Z	211422	77,090000000000000	199718336,527832000000000	75640,383983835700000	5119	
71	05120	05120	051200000000	Remscheid	Kreisfreie Stadt	40	--	05	1	20	00	00	000	R	DEA18	1975-01-01T00:00:00.000Z	110584	74,520000000000000	188250905,918457000000000	74072,824736796000000	5120	
72	05122	05122	051220000000	Solingen	Kreisfreie Stadt	40	--	05	1	22	00	00	000	R	DEA19	1975-01-01T00:00:00.000Z	158803	89,540000000000000	225970557,486328000000000	96579,282127710400000	5122	
73	05124	05124	051240000000	Wuppertal	Kreisfreie Stadt	40	--	05	1	24	00	00	000	R	DEA1A	1975-01-01T00:00:00.000Z	353590	168,390000000000000	429206580,154785000000000	138835,460933471000000	5124	
74	05154	05154	051540036036	Kleve	Kreis	42	--	05	1	54	00	00	000	R	DEA1B	2009-01-01T00:00:00.000Z	311270	1232,990000000000000	3199308795,969730000000000	440718,866759807000000	5154	
75	05158	05158	051580024024	Mettmann	Kreis	42	--	05	1	58	00	00	000	R	DEA1C	2009-01-01T00:00:00.000Z	485409	407,210000000000000	1039818013,386230000000000	284417,010438840000000	5158	
76	05162	05162	051620024024	Rhein-Kreis Neuss	Kreis	42	--	05	1	62	00	00	000	R	DEA1D	2009-01-01T00:00:00.000Z	449408	576,420000000000000	1463203045,284670000000000	272679,329484199000000	5162	
77	05166	05166	051660032032	Viersen	Kreis	42	--	05	1	66	00	00	000	R	DEA1E	2009-01-01T00:00:00.000Z	298733	563,270000000000000	1438465704,968260000000000	237934,619416657000000	5166	
78	05170	05170	051700048048	Wesel	Kreis	42	--	05	1	70	00	00	000	R	DEA1F	2009-01-01T00:00:00.000Z	460666	1042,810000000000000	2700807144,412110000000000	380617,804729016000000	5170	
79	05314	05314	053140000000	Bonn	Kreisfreie Stadt	40	--	05	3	14	00	00	000	R	DEA22	1969-08-01T00:00:00.000Z	325490	141,060000000000000	352670672,976074000000000	103130,420299460000000	5314	
80	05315	05315	053150000000	Köln	Kreisfreie Stadt	40	--	05	3	15	00	00	000	R	DEA23	1976-06-01T00:00:00.000Z	1080394	405,010000000000000	1022846898,521000000000000	194623,496024760000000	5315	
81	05316	05316	053160000000	Leverkusen	Kreisfreie Stadt	40	--	05	3	16	00	00	000	R	DEA24	1975-01-01T00:00:00.000Z	163577	78,870000000000000	199109627,962402000000000	83031,139131460700000	5316	
82	05334	05334	053340002002	Städteregion Aachen	Kreis	46	Sonderverband	05	3	34	00	00	000	R	DEA2D	2009-10-21T00:00:00.000Z	554068	706,920000000000000	1755601750,443120000000000	427362,399052195000000	5334	
83	05358	05358	053580008008	Düren	Kreis	42	--	05	3	58	00	00	000	R	DEA26	2009-01-01T00:00:00.000Z	262889	941,490000000000000	2353380210,297850000000000	378788,215320983000000	5358	
84	05362	05362	053620008008	Rhein-Erft-Kreis	Kreis	42	--	05	3	62	00	00	000	R	DEA27	2009-01-01T00:00:00.000Z	467209	704,700000000000000	1765819220,444340000000000	307240,707074784000000	5362	
85	05366	05366	053660016016	Euskirchen	Kreis	42	--	05	3	66	00	00	000	R	DEA28	2009-01-01T00:00:00.000Z	192127	1248,720000000000000	3090618028,366210000000000	454316,563826848000000	5366	
86	05370	05370	053700016016	Heinsberg	Kreis	42	--	05	3	70	00	00	000	R	DEA29	2009-01-01T00:00:00.000Z	253106	627,920000000000000	1584840715,547610000000000	264154,587985003000000	5370	
87	05374	05374	053740012012	Oberbergischer Kreis	Kreis	42	--	05	3	74	00	00	000	R	DEA2A	2009-01-01T00:00:00.000Z	272968	918,840000000000000	2316589919,631840000000000	352762,858425548000000	5374	
88	05378	05378	053780004004	Rheinisch-Bergischer Kreis	Kreis	42	--	05	3	78	00	00	000	R	DEA2B	2009-01-01T00:00:00.000Z	283344	437,320000000000000	1105993879,078610000000000	260985,356091683000000	5378	
89	05382	05382	053820060060	Rhein-Sieg-Kreis	Kreis	42	--	05	3	82	00	00	000	R	DEA2C	2009-01-01T00:00:00.000Z	599056	1153,200000000000000	2876011234,912600000000000	497332,352716295000000	5382	
90	05512	05512	055120000000	Bottrop	Kreisfreie Stadt	40	--	05	5	12	00	00	000	R	DEA31	1976-07-01T00:00:00.000Z	117364	100,610000000000000	259116815,965820000000000	92620,022592831600000	5512	
91	05513	05513	055130000000	Gelsenkirchen	Kreisfreie Stadt	40	--	05	5	13	00	00	000	R	DEA32	2002-11-01T00:00:00.000Z	260305	104,940000000000000	271960700,430176000000000	91865,301547760300000	5513	
92	05515	05515	055150000000	Münster	Kreisfreie Stadt	40	--	05	5	15	00	00	000	R	DEA33	1975-01-01T00:00:00.000Z	313559	303,280000000000000	797934996,985352000000000	169086,891390795000000	5515	
93	05554	05554	055540012012	Borken	Kreis	42	--	05	5	54	00	00	000	R	DEA34	2009-01-01T00:00:00.000Z	369718	1420,960000000000000	3737314378,679200000000000	439355,886436289000000	5554	
94	05558	05558	055580012012	Coesfeld	Kreis	42	--	05	5	58	00	00	000	R	DEA35	2009-01-01T00:00:00.000Z	219360	1112,040000000000000	2912662682,320800000000000	353683,533016555000000	5558	
95	05562	05562	055620032032	Recklinghausen	Kreis	42	--	05	5	62	00	00	000	R	DEA36	2009-01-01T00:00:00.000Z	616824	761,320000000000000	1976671250,680660000000000	314459,712629151000000	5562	
96	05566	05566	055660084084	Steinfurt	Kreis	42	--	05	5	66	00	00	000	R	DEA37	2009-01-01T00:00:00.000Z	446565	1795,760000000000000	4774008539,469730000000000	413171,769045541000000	5566	
97	05570	05570	055700052052	Warendorf	Kreis	42	--	05	5	70	00	00	000	R	DEA38	2009-01-01T00:00:00.000Z	277458	1319,420000000000000	3453550289,167970000000000	387645,254614778000000	5570	
98	05711	05711	057110000000	Bielefeld	Kreisfreie Stadt	40	--	05	7	11	00	00	000	R	DEA41	1973-01-01T00:00:00.000Z	332552	258,820000000000000	682706493,437988000000000	158968,843330452000000	5711	
99	05754	05754	057540008008	Gütersloh	Kreis	42	--	05	7	54	00	00	000	R	DEA42	2009-01-01T00:00:00.000Z	363049	969,210000000000000	2545954339,890140000000000	342013,392363485000000	5754	
100	05758	05758	057580012012	Herford	Kreis	42	--	05	7	58	00	00	000	R	DEA43	2009-01-01T00:00:00.000Z	251539	450,410000000000000	1196281268,887210000000000	247303,239545464000000	5758	
101	05762	05762	057620020020	Höxter	Kreis	42	--	05	7	62	00	00	000	R	DEA44	2009-01-01T00:00:00.000Z	141565	1201,420000000000000	3119089814,344240000000000	348632,289864698000000	5762	
102	05766	05766	057660020020	Lippe	Kreis	42	--	05	7	66	00	00	000	R	DEA45	2009-01-01T00:00:00.000Z	349069	1246,190000000000000	3278856316,687500000000000	381490,418464037000000	5766	
103	05770	05770	057700024024	Minden-Lübbecke	Kreis	42	--	05	7	70	00	00	000	R	DEA46	2009-01-01T00:00:00.000Z	311207	1152,420000000000000	3082696673,494630000000000	426889,117382515000000	5770	
104	05774	05774	057740032032	Paderborn	Kreis	42	--	05	7	74	00	00	000	R	DEA47	2009-01-01T00:00:00.000Z	305362	1246,780000000000000	3235793661,188480000000000	329476,990253506000000	5774	
105	05911	05911	059110000000	Bochum	Kreisfreie Stadt	40	--	05	9	11	00	00	000	R	DEA51	1975-01-01T00:00:00.000Z	365529	145,660000000000000	372648258,082520000000000	102641,546513330000000	5911	
106	05913	05913	059130000000	Dortmund	Kreisfreie Stadt	40	--	05	9	13	00	00	000	R	DEA52	1975-01-01T00:00:00.000Z	586600	280,710000000000000	721184542,465332000000000	157706,987274162000000	5913	
107	05914	05914	059140000000	Hagen	Kreisfreie Stadt	40	--	05	9	14	00	00	000	R	DEA53	1999-02-01T00:00:00.000Z	187730	160,450000000000000	410483737,105469000000000	135852,097974115000000	5914	
108	05915	05915	059150000000	Hamm	Kreisfreie Stadt	40	--	05	9	15	00	00	000	R	DEA54	2003-03-01T00:00:00.000Z	179185	226,430000000000000	590784255,856934000000000	151081,523373315000000	5915	
109	05916	05916	059160000000	Herne	Kreisfreie Stadt	40	--	05	9	16	00	00	000	R	DEA55	2002-11-01T00:00:00.000Z	156490	51,420000000000000	132920963,501953000000000	63032,451870303400000	5916	
110	05954	05954	059540024024	Ennepe-Ruhr-Kreis	Kreis	42	--	05	9	54	00	00	000	R	DEA56	2009-01-01T00:00:00.000Z	324670	409,630000000000000	1051786961,312500000000000	268372,697870622000000	5954	
111	05958	05958	059580032032	Hochsauerlandkreis	Kreis	42	--	05	9	58	00	00	000	R	DEA57	2009-11-01T00:00:00.000Z	261591	1960,150000000000000	5007548828,667480000000000	553895,136960361000000	5958	
112	05962	05962	059620032032	Märkischer Kreis	Kreis	42	--	05	9	62	00	00	000	R	DEA58	2009-01-01T00:00:00.000Z	413383	1061,060000000000000	2706162722,056640000000000	324645,934795144000000	5962	
113	05966	05966	059660024024	Olpe	Kreis	42	--	05	9	66	00	00	000	R	DEA59	2009-01-01T00:00:00.000Z	134808	712,140000000000000	1801117155,397460000000000	302623,941816386000000	5966	
114	05970	05970	059700040040	Siegen-Wittgenstein	Kreis	42	--	05	9	70	00	00	000	R	DEA5A	2009-01-01T00:00:00.000Z	277977	1132,890000000000000	2851827103,442870000000000	350484,040012295000000	5970	
115	05974	05974	059740040040	Soest	Kreis	42	--	05	9	74	00	00	000	R	DEA5B	2009-01-01T00:00:00.000Z	301693	1328,630000000000000	3435299750,771000000000000	353313,732857758000000	5974	
116	05978	05978	059780036036	Unna	Kreis	42	--	05	9	78	00	00	000	R	DEA5C	2009-01-01T00:00:00.000Z	393934	543,210000000000000	1403383094,139160000000000	320631,699478259000000	5978	
117	06411	06411	064110000000	Darmstadt	Kreisfreie Stadt	40	--	06	4	11	00	00	000	R	DE711	1977-01-01T00:00:00.000Z	158254	122,070000000000000	296211267,767090000000000	97317,145107303700000	6411	
118	06412	06412	064120000000	Frankfurt am Main	Kreisfreie Stadt	40	--	06	4	12	00	00	000	R	DE712	1977-01-01T00:00:00.000Z	746878	248,310000000000000	603009720,770508000000000	167143,058741550000000	6412	
119	06413	06413	064130000000	Offenbach am Main	Kreisfreie Stadt	40	--	06	4	13	00	00	000	R	DE713	1977-01-01T00:00:00.000Z	126658	44,880000000000000	110045879,028809000000000	63141,753751542800000	6413	
120	06414	06414	064140000000	Wiesbaden	Kreisfreie Stadt	40	--	06	4	14	00	00	000	R	DE714	1977-01-01T00:00:00.000Z	278654	203,870000000000000	494382062,487305000000000	118694,769390317000000	6414	
121	06431	06431	064310011011	Bergstraße	Landkreis	43	--	06	4	31	00	00	000	R	DE715	2009-01-01T00:00:00.000Z	268780	719,480000000000000	1711214898,938960000000000	355447,736360374000000	6431	
122	06432	06432	064110000000	Darmstadt-Dieburg	Landkreis	43	--	06	4	32	00	00	000	R	DE716	1977-01-01T00:00:00.000Z	296048	658,610000000000000	1580802689,376950000000000	332109,110016561000000	6432	
123	06433	06433	064330006006	Groß-Gerau	Landkreis	43	--	06	4	33	00	00	000	R	DE717	2009-01-01T00:00:00.000Z	271403	453,030000000000000	1091755045,242680000000000	216922,527280409000000	6433	
124	06434	06434	064340001001	Hochtaunuskreis	Landkreis	43	--	06	4	34	00	00	000	R	DE718	2009-01-01T00:00:00.000Z	235995	481,840000000000000	1176102081,342770000000000	233381,589572915000000	6434	
125	06435	06435	064350010010	Main-Kinzig-Kreis	Landkreis	43	--	06	4	35	00	00	000	R	DE719	2011-07-01T00:00:00.000Z	418208	1397,330000000000000	3411554763,285640000000000	469282,831295933000000	6435	
126	06436	06436	064360007007	Main-Taunus-Kreis	Landkreis	43	--	06	4	36	00	00	000	R	DE71A	2009-01-01T00:00:00.000Z	236969	222,520000000000000	537901464,884766000000000	182820,506664208000000	6436	
127	06437	06437	064370006006	Odenwaldkreis	Landkreis	43	--	06	4	37	00	00	000	R	DE71B	2009-01-01T00:00:00.000Z	96597	623,990000000000000	1490455754,404790000000000	270119,080067104000000	6437	
128	06438	06438	064380001001	Offenbach	Landkreis	43	--	06	4	38	00	00	000	R	DE71C	2009-01-01T00:00:00.000Z	351692	356,230000000000000	861607041,434570000000000	182185,029673863000000	6438	
129	06439	06439	064390002002	Rheingau-Taunus-Kreis	Landkreis	43	--	06	4	39	00	00	000	R	DE71D	2009-01-01T00:00:00.000Z	186602	811,420000000000000	1974499973,441410000000000	316036,918114841000000	6439	
130	06440	06440	064400008008	Wetteraukreis	Landkreis	43	--	06	4	40	00	00	000	R	DE71E	2009-01-01T00:00:00.000Z	305312	1100,690000000000000	2700795693,474120000000000	411288,556144735000000	6440	
131	06531	06531	065310005005	Gießen	Landkreis	43	--	06	5	31	00	00	000	R	DE721	2009-01-01T00:00:00.000Z	267056	854,560000000000000	2117761663,038570000000000	341215,779816029000000	6531	
132	06532	06532	065320023023	Lahn-Dill-Kreis	Landkreis	43	--	06	5	32	00	00	000	R	DE722	2009-01-01T00:00:00.000Z	254164	1066,300000000000000	2646095784,932130000000000	344224,682083319000000	6532	
133	06533	06533	065330009009	Limburg-Weilburg	Landkreis	43	--	06	5	33	00	00	000	R	DE723	2009-01-01T00:00:00.000Z	171971	738,430000000000000	1818940025,400880000000000	269878,371962852000000	6533	
134	06534	06534	065340014014	Marburg-Biedenkopf	Landkreis	43	--	06	5	34	00	00	000	R	DE724	2009-01-01T00:00:00.000Z	246165	1262,370000000000000	3160119453,373540000000000	346728,534777223000000	6534	
135	06535	06535	065350011011	Vogelsbergkreis	Landkreis	43	--	06	5	35	00	00	000	R	DE725	2009-01-01T00:00:00.000Z	106451	1458,910000000000000	3620706872,164060000000000	442922,708637121000000	6535	
136	06611	06611	066110000000	Kassel	Kreisfreie Stadt	40	--	06	6	11	00	00	000	R	DE731	2004-12-31T00:00:00.000Z	200736	106,800000000000000	266969950,109375000000000	99282,756103819800000	6611	
137	06631	06631	066310009009	Fulda	Landkreis	43	--	06	6	31	00	00	000	R	DE732	2009-01-01T00:00:00.000Z	221783	1380,420000000000000	3419493580,199710000000000	392351,117945840000000	6631	
138	06632	06632	066320002002	Hersfeld-Rotenburg	Landkreis	43	--	06	6	32	00	00	000	R	DE733	2009-01-01T00:00:00.000Z	121101	1097,740000000000000	2757278119,654300000000000	378249,744120841000000	6632	
139	06633	06633	066110000000	Kassel	Landkreis	43	--	06	6	33	00	00	000	R	DE734	2015-01-01T00:00:00.000Z	236674	1293,360000000000000	3323194360,016600000000000	592337,160985562000000	6633	
140	06634	06634	066340009009	Schwalm-Eder-Kreis	Landkreis	43	--	06	6	34	00	00	000	R	DE735	2009-01-01T00:00:00.000Z	180754	1539,010000000000000	3885889490,917480000000000	419547,780181896000000	6634	
141	06635	06635	066350015015	Waldeck-Frankenberg	Landkreis	43	--	06	6	35	00	00	000	R	DE736	2009-11-01T00:00:00.000Z	157256	1848,700000000000000	4697703562,908200000000000	502876,694534581000000	6635	
142	06636	06636	066360003003	Werra-Meißner-Kreis	Landkreis	43	--	06	6	36	00	00	000	R	DE737	2009-01-01T00:00:00.000Z	101101	1024,840000000000000	2604634702,038090000000000	442169,087421820000000	6636	
143	07111	07111	071110000000	Koblenz	Kreisfreie Stadt	40	--	07	1	11	00	00	000	K	DEB11	1970-11-07T00:00:00.000Z	113844	105,250000000000000	259909027,687500000000000	94040,301096654100000	7111	
144	07131	07131	071310007007	Ahrweiler	Landkreis	43	--	07	1	31	00	00	000	K	DEB12	2009-01-01T00:00:00.000Z	128914	787,020000000000000	1940004320,261230000000000	311175,824408180000000	7131	
145	07132	07132	071325001501	Altenkirchen (Westerwald)	Landkreis	43	--	07	1	32	00	00	000	K	DEB13	2009-01-01T00:00:00.000Z	128791	642,380000000000000	1599584090,715820000000000	357804,468546903000000	7132	
146	07133	07133	071330006006	Bad Kreuznach	Landkreis	43	--	07	1	33	00	00	000	K	DEB14	2009-01-01T00:00:00.000Z	157549	863,890000000000000	2073886557,854980000000000	294637,305420185000000	7133	
147	07134	07134	071345002010	Birkenfeld	Landkreis	43	--	07	1	34	00	00	000	K	DEB15	2009-01-01T00:00:00.000Z	80728	776,820000000000000	1856732573,996580000000000	268658,786941259000000	7134	
148	07135	07135	071355001020	Cochem-Zell	Landkreis	43	--	07	1	35	00	00	000	K	DEB16	2014-07-01T00:00:00.000Z	61662	692,470000000000000	1684792072,690920000000000	288957,399324261000000	7135	
149	07137	07137	071110000000	Mayen-Koblenz	Landkreis	43	--	07	1	37	00	00	000	K	DEB17	1974-03-16T00:00:00.000Z	213554	817,690000000000000	2001446312,582520000000000	438684,608864379000000	7137	
150	07138	07138	071380045045	Neuwied	Landkreis	43	--	07	1	38	00	00	000	K	DEB18	2009-01-01T00:00:00.000Z	181655	627,040000000000000	1553300045,514650000000000	282672,682003583000000	7138	
151	07140	07140	071405007144	Rhein-Hunsrück-Kreis	Landkreis	43	--	07	1	40	00	00	000	K	DEB19	2014-07-01T00:00:00.000Z	102938	991,070000000000000	2400518444,780760000000000	346113,721890980000000	7140	
152	07141	07141	071415001006	Rhein-Lahn-Kreis	Landkreis	43	--	07	1	41	00	00	000	K	DEB1A	2009-01-01T00:00:00.000Z	122381	782,200000000000000	1910197057,316410000000000	332409,482825943000000	7141	
153	07143	07143	071435004048	Westerwaldkreis	Landkreis	43	--	07	1	43	00	00	000	K	DEB1B	2009-01-01T00:00:00.000Z	201039	989,060000000000000	2449693395,271000000000000	406568,494609408000000	7143	
154	07211	07211	072110000000	Trier	Kreisfreie Stadt	40	--	07	2	11	00	00	000	K	DEB21	2017-07-01T00:00:00.000Z	110013	117,060000000000000	276568425,175293000000000	133660,104629931000000	7211	
155	07231	07231	072310134134	Bernkastel-Wittlich	Landkreis	43	--	07	2	31	00	00	000	K	DEB22	2012-01-01T00:00:00.000Z	112134	1167,930000000000000	2816520054,174800000000000	328828,158773482000000	7231	
156	07232	07232	072320018018	Eifelkreis Bitburg-Prüm	Landkreis	43	--	07	2	32	00	00	000	K	DEB23	2009-01-01T00:00:00.000Z	98213	1626,940000000000000	3945816982,103270000000000	404215,281600451000000	7232	
157	07233	07233	072335001501	Vulkaneifel	Landkreis	43	--	07	2	33	00	00	000	K	DEB24	2009-01-01T00:00:00.000Z	60705	911,650000000000000	2225754933,929200000000000	402164,522638558000000	7233	
158	07235	07235	072110000000	Trier-Saarburg	Landkreis	43	--	07	2	35	00	00	000	K	DEB25	2017-07-01T00:00:00.000Z	148532	1102,200000000000000	2639233648,008300000000000	502257,899932193000000	7235	
159	07311	07311	073110000000	Frankenthal (Pfalz)	Kreisfreie Stadt	40	--	07	3	11	00	00	000	K	DEB31	1969-06-07T00:00:00.000Z	48417	43,880000000000000	103697653,761719000000000	63267,202289029500000	7311	
160	07312	07312	073120000000	Kaiserslautern	Kreisfreie Stadt	40	--	07	3	12	00	00	000	K	DEB32	1969-06-07T00:00:00.000Z	99684	139,700000000000000	331151535,223633000000000	115643,376192700000000	7312	
161	07313	07313	073130000000	Landau in der Pfalz	Kreisfreie Stadt	40	--	07	3	13	00	00	000	K	DEB33	1972-04-22T00:00:00.000Z	46292	82,940000000000000	194354950,835449000000000	135031,348901295000000	7313	
162	07314	07314	073140000000	Ludwigshafen am Rhein	Kreisfreie Stadt	40	--	07	3	14	00	00	000	K	DEB34	1974-03-16T00:00:00.000Z	168497	77,430000000000000	184323441,136230000000000	79906,752629037400000	7314	
163	07315	07315	073150000000	Mainz	Kreisfreie Stadt	40	--	07	3	15	00	00	000	K	DEB35	1969-06-07T00:00:00.000Z	215110	97,730000000000000	235839881,130859000000000	96532,846506213400000	7315	
164	07316	07316	073160000000	Neustadt an der Weinstraße	Kreisfreie Stadt	40	--	07	3	16	00	00	000	K	DEB36	1974-03-16T00:00:00.000Z	53353	117,090000000000000	276108734,583496000000000	113874,128216636000000	7316	
165	07317	07317	073170000000	Pirmasens	Kreisfreie Stadt	40	--	07	3	17	00	00	000	K	DEB37	1972-04-22T00:00:00.000Z	40632	61,360000000000000	143852015,812988000000000	74930,651083202700000	7317	
166	07318	07318	073180000000	Speyer	Kreisfreie Stadt	40	--	07	3	18	00	00	000	K	DEB38	1968-10-01T00:00:00.000Z	50931	42,710000000000000	100752885,707520000000000	61793,202311410600000	7318	
167	07319	07319	073190000000	Worms	Kreisfreie Stadt	40	--	07	3	19	00	00	000	K	DEB39	1969-06-07T00:00:00.000Z	83081	108,730000000000000	259160918,932617000000000	113953,597137077000000	7319	
168	07320	07320	073200000000	Zweibrücken	Kreisfreie Stadt	40	--	07	3	20	00	00	000	K	DEB3A	1972-04-22T00:00:00.000Z	34270	70,640000000000000	166161208,965332000000000	90706,156385248400000	7320	
169	07331	07331	073310003003	Alzey-Worms	Landkreis	43	--	07	3	31	00	00	000	K	DEB3B	2009-01-01T00:00:00.000Z	128519	588,080000000000000	1407468231,445310000000000	292886,907144690000000	7331	
170	07332	07332	073320002002	Bad Dürkheim	Landkreis	43	--	07	3	32	00	00	000	K	DEB3C	2009-01-01T00:00:00.000Z	132739	594,610000000000000	1404067505,078130000000000	301121,525034940000000	7332	
171	07333	07333	073335004039	Donnersbergkreis	Landkreis	43	--	07	3	33	00	00	000	K	DEB3D	2009-01-01T00:00:00.000Z	75102	645,420000000000000	1535032542,782710000000000	244984,046738801000000	7333	
172	07334	07334	073340007007	Germersheim	Landkreis	43	--	07	3	34	00	00	000	K	DEB3E	2009-01-01T00:00:00.000Z	128477	463,320000000000000	1080675298,952150000000000	212479,547322601000000	7334	
173	07335	07335	073120000000	Kaiserslautern	Landkreis	43	--	07	3	35	00	00	000	K	DEB3F	1972-04-22T00:00:00.000Z	105649	639,980000000000000	1514350613,095700000000000	407290,813475305000000	7335	
174	07336	07336	073365003055	Kusel	Landkreis	43	--	07	3	36	00	00	000	K	DEB3G	2009-01-01T00:00:00.000Z	70764	573,580000000000000	1359884117,436520000000000	280495,001528831000000	7336	
175	07337	07337	073130000000	Südliche Weinstraße	Landkreis	43	--	07	3	37	00	00	000	K	DEB3H	1978-01-01T00:00:00.000Z	110622	639,950000000000000	1495932184,312010000000000	415844,734356937000000	7337	
176	07338	07338	073140000000	Rhein-Pfalz-Kreis	Landkreis	43	--	07	3	38	00	00	000	K	DEB3I	2004-01-01T00:00:00.000Z	153629	305,010000000000000	718948912,254883000000000	280536,215288435000000	7338	
177	07339	07339	073390030030	Mainz-Bingen	Landkreis	43	--	07	3	39	00	00	000	K	DEB3J	2009-01-01T00:00:00.000Z	209785	605,370000000000000	1459521082,212400000000000	354880,924834609000000	7339	
178	07340	07340	073170000000	Südwestpfalz	Landkreis	43	--	07	3	40	00	00	000	K	DEB3K	1997-01-01T00:00:00.000Z	95474	953,590000000000000	2233525737,475590000000000	439536,609777997000000	7340	
179	08111	08111	081110000000	Stuttgart	Stadtkreis	41	--	08	1	11	00	00	000	R	DE111	1973-01-01T00:00:00.000Z	632743	207,350000000000000	482611902,454590000000000	144575,251995068000000	8111	
180	08115	08115	081150003003	Böblingen	Landkreis	43	--	08	1	15	00	00	000	R	DE112	2014-04-01T00:00:00.000Z	389548	617,780000000000000	1414516368,594240000000000	292635,235358133000000	8115	
181	08116	08116	081160019019	Esslingen	Landkreis	43	--	08	1	16	00	00	000	R	DE113	2014-04-01T00:00:00.000Z	532447	641,280000000000000	1464511459,489260000000000	287938,203718926000000	8116	
182	08117	08117	081175005026	Göppingen	Landkreis	43	--	08	1	17	00	00	000	R	DE114	2009-01-01T00:00:00.000Z	256345	642,330000000000000	1471838881,362300000000000	294103,819602847000000	8117	
183	08118	08118	081180048048	Ludwigsburg	Landkreis	43	--	08	1	18	00	00	000	R	DE115	2009-01-01T00:00:00.000Z	542630	686,750000000000000	1590287125,694340000000000	321642,209727429000000	8118	
184	08119	08119	081190079079	Rems-Murr-Kreis	Landkreis	43	--	08	1	19	00	00	000	R	DE116	2009-01-01T00:00:00.000Z	424878	858,090000000000000	1982077113,318360000000000	323524,527492905000000	8119	
185	08121	08121	081210000000	Heilbronn	Stadtkreis	41	--	08	1	21	00	00	000	R	DE117	1974-04-01T00:00:00.000Z	125113	99,890000000000000	234993078,050781000000000	102137,181655139000000	8121	
186	08125	08125	081210000000	Heilbronn	Landkreis	43	--	08	1	25	00	00	000	R	DE118	1974-04-01T00:00:00.000Z	340772	1099,940000000000000	2568865456,202150000000000	547179,807419813000000	8125	
187	08126	08126	081265003046	Hohenlohekreis	Landkreis	43	--	08	1	26	00	00	000	R	DE119	2009-01-01T00:00:00.000Z	111392	776,760000000000000	1823605409,227050000000000	353703,373345440000000	8126	
188	08127	08127	081275009076	Schwäbisch Hall	Landkreis	43	--	08	1	27	00	00	000	R	DE11A	2009-01-01T00:00:00.000Z	194203	1484,060000000000000	3464873950,237300000000000	519710,822450362000000	8127	
189	08128	08128	081285004115	Main-Tauber-Kreis	Landkreis	43	--	08	1	28	00	00	000	R	DE11B	2009-01-01T00:00:00.000Z	132189	1304,130000000000000	3098433535,393550000000000	552555,233526719000000	8128	
190	08135	08135	081355002019	Heidenheim	Landkreis	43	--	08	1	35	00	00	000	R	DE11C	2009-01-01T00:00:00.000Z	132006	627,110000000000000	1436949919,812990000000000	355965,418346430000000	8135	
191	08136	08136	081365001088	Ostalbkreis	Landkreis	43	--	08	1	36	00	00	000	R	DE11D	2009-01-01T00:00:00.000Z	312422	1511,380000000000000	3488995001,151860000000000	528154,046376114000000	8136	
192	08211	08211	082110000000	Baden-Baden	Stadtkreis	41	--	08	2	11	00	00	000	R	DE121	1975-01-01T00:00:00.000Z	54718	140,190000000000000	321724999,291016000000000	148727,615747736000000	8211	
193	08212	08212	082120000000	Karlsruhe	Stadtkreis	41	--	08	2	12	00	00	000	R	DE122	1975-02-14T00:00:00.000Z	311919	173,420000000000000	403964186,039063000000000	123682,644098953000000	8212	
194	08215	08215	082120000000	Karlsruhe	Landkreis	43	--	08	2	15	00	00	000	R	DE123	1975-02-14T00:00:00.000Z	442673	1085,270000000000000	2525599202,014160000000000	434590,894502277000000	8215	
195	08216	08216	082165005043	Rastatt	Landkreis	43	--	08	2	16	00	00	000	R	DE124	2009-01-01T00:00:00.000Z	230216	738,420000000000000	1698319798,864750000000000	452542,759595984000000	8216	
196	08221	08221	082210000000	Heidelberg	Stadtkreis	41	--	08	2	21	00	00	000	R	DE125	2008-06-03T00:00:00.000Z	160601	108,890000000000000	257855659,149414000000000	103860,467530332000000	8221	
197	08222	08222	082220000000	Mannheim	Stadtkreis	41	--	08	2	22	00	00	000	R	DE126	1973-01-01T00:00:00.000Z	307997	144,970000000000000	343645244,277344000000000	101976,645787114000000	8222	
198	08225	08225	082255005058	Neckar-Odenwald-Kreis	Landkreis	43	--	08	2	25	00	00	000	R	DE127	2009-01-01T00:00:00.000Z	143376	1125,950000000000000	2661938597,248540000000000	376886,466015186000000	8225	
199	08226	08226	082210000000	Rhein-Neckar-Kreis	Landkreis	43	--	08	2	26	00	00	000	R	DE128	2008-06-03T00:00:00.000Z	546745	1061,530000000000000	2498729631,501460000000000	577872,359029773000000	8226	
200	08231	08231	082310000000	Pforzheim	Stadtkreis	41	--	08	2	31	00	00	000	R	DE129	1975-09-20T00:00:00.000Z	124289	98,070000000000000	226817846,882813000000000	88017,741997486800000	8231	
201	08235	08235	082355006085	Calw	Landkreis	43	--	08	2	35	00	00	000	R	DE12A	2009-01-01T00:00:00.000Z	157424	797,310000000000000	1827315538,388670000000000	310135,890053655000000	8235	
202	08236	08236	082310000000	Enzkreis	Landkreis	43	--	08	2	36	00	00	000	R	DE12B	1975-09-20T00:00:00.000Z	198369	573,620000000000000	1326254449,496580000000000	348261,738835509000000	8236	
203	08237	08237	082375002028	Freudenstadt	Landkreis	43	--	08	2	37	00	00	000	R	DE12C	2009-01-01T00:00:00.000Z	117456	870,400000000000000	1980449638,396480000000000	329233,023868689000000	8237	
204	08311	08311	083110000000	Freiburg im Breisgau	Stadtkreis	41	--	08	3	11	00	00	000	R	DE131	1978-01-01T00:00:00.000Z	229636	153,040000000000000	344064636,164063000000000	135593,954172372000000	8311	
205	08315	08315	083110000000	Breisgau-Hochschwarzwald	Landkreis	43	--	08	3	15	00	00	000	R	DE132	1978-01-01T00:00:00.000Z	262405	1378,330000000000000	3064348201,787600000000000	548086,285378423000000	8315	
206	08316	08316	083165003011	Emmendingen	Landkreis	43	--	08	3	16	00	00	000	R	DE133	2009-01-01T00:00:00.000Z	164712	679,790000000000000	1527379225,802730000000000	256221,460708357000000	8316	
207	08317	08317	083175010096	Ortenaukreis	Landkreis	43	--	08	3	17	00	00	000	R	DE134	2009-01-01T00:00:00.000Z	425932	1860,280000000000000	4219072742,305180000000000	392391,492075700000000	8317	
208	08325	08325	083255003049	Rottweil	Landkreis	43	--	08	3	25	00	00	000	R	DE135	2009-01-01T00:00:00.000Z	138858	769,430000000000000	1734684586,145510000000000	323133,200095966000000	8325	
209	08326	08326	083265004074	Schwarzwald-Baar-Kreis	Landkreis	43	--	08	3	26	00	00	000	R	DE136	2009-01-01T00:00:00.000Z	211207	1025,340000000000000	2291695827,659670000000000	341309,182885753000000	8326	
210	08327	08327	083275006050	Tuttlingen	Landkreis	43	--	08	3	27	00	00	000	R	DE137	2009-01-01T00:00:00.000Z	139397	734,350000000000000	1638889915,513670000000000	268598,195302002000000	8327	
211	08335	08335	083355004043	Konstanz	Landkreis	43	--	08	3	35	00	00	000	R	DE138	2009-01-01T00:00:00.000Z	284015	817,970000000000000	1810172857,596680000000000	448796,924626372000000	8335	
212	08336	08336	083365003050	Lörrach	Landkreis	43	--	08	3	36	00	00	000	R	DE139	2009-01-01T00:00:00.000Z	228314	806,720000000000000	1781372370,815430000000000	247907,244977495000000	8336	
213	08337	08337	083375007126	Waldshut	Landkreis	43	--	08	3	37	00	00	000	R	DE13A	2009-01-01T00:00:00.000Z	170198	1131,090000000000000	2495100705,989260000000000	409561,689485202000000	8337	
214	08415	08415	084150061061	Reutlingen	Landkreis	43	--	08	4	15	00	00	000	R	DE141	2011-01-01T00:00:00.000Z	285754	1092,450000000000000	2476523074,013180000000000	372911,411497465000000	8415	
215	08416	08416	084160041041	Tübingen	Landkreis	43	--	08	4	16	00	00	000	R	DE142	2009-01-01T00:00:00.000Z	225755	519,120000000000000	1182678812,720210000000000	253224,334805577000000	8416	
216	08417	08417	084175002002	Zollernalbkreis	Landkreis	43	--	08	4	17	00	00	000	R	DE143	2009-01-01T00:00:00.000Z	188170	917,560000000000000	2068321777,388670000000000	299364,593677234000000	8417	
217	08421	08421	084210000000	Ulm	Stadtkreis	41	--	08	4	21	00	00	000	R	DE144	1997-01-01T00:00:00.000Z	125596	118,680000000000000	270400171,054688000000000	136400,326225970000000	8421	
218	08425	08425	084210000000	Alb-Donau-Kreis	Landkreis	43	--	08	4	25	00	00	000	R	DE145	2011-01-01T00:00:00.000Z	194629	1358,540000000000000	3077045546,545410000000000	601959,415902455000000	8425	
219	08426	08426	084265003021	Biberach	Landkreis	43	--	08	4	26	00	00	000	R	DE146	2009-01-01T00:00:00.000Z	198265	1409,490000000000000	3159807110,282710000000000	437324,045265484000000	8426	
220	08435	08435	084355002016	Bodenseekreis	Landkreis	43	--	08	4	35	00	00	000	R	DE147	2009-01-01T00:00:00.000Z	214655	664,770000000000000	1469798150,630860000000000	287524,040422766000000	8435	
221	08436	08436	084365005064	Ravensburg	Landkreis	43	--	08	4	36	00	00	000	R	DE148	2009-01-01T00:00:00.000Z	283264	1632,090000000000000	3618263795,271970000000000	478308,718572025000000	8436	
222	08437	08437	084375006104	Sigmaringen	Landkreis	43	--	08	4	37	00	00	000	R	DE149	2009-01-01T00:00:00.000Z	130192	1204,220000000000000	2692530036,648930000000000	434470,773327062000000	8437	
223	09161	09161	091610000000	Ingolstadt	Kreisfreie Stadt	40	--	09	1	61	00	00	000	R	DE211	1972-07-01T00:00:00.000Z	135244	133,350000000000000	306967004,344727000000000	115923,429650636000000	9161	
224	09162	09162	091620000000	München	Kreisfreie Stadt	40	--	09	1	62	00	00	000	R	DE212	2004-12-31T00:00:00.000Z	1456039	310,710000000000000	699169922,274414000000000	169919,914447118000000	9162	
225	09163	09163	091630000000	Rosenheim	Kreisfreie Stadt	40	--	09	1	63	00	00	000	R	DE213	2004-12-31T00:00:00.000Z	63080	37,220000000000000	81176951,459960900000000	45849,965739196400000	9163	
226	09171	09171	091710111111	Altötting	Landkreis	43	--	09	1	71	00	00	000	R	DE214	2009-01-01T00:00:00.000Z	110338	569,290000000000000	1281150541,728520000000000	239823,823806846000000	9171	
227	09172	09172	091720114114	Berchtesgadener Land	Landkreis	43	--	09	1	72	00	00	000	R	DE215	2009-01-01T00:00:00.000Z	105052	839,850000000000000	1852878759,963380000000000	330527,422246838000000	9172	
228	09173	09173	091730112112	Bad Tölz-Wolfratshausen	Landkreis	43	--	09	1	73	00	00	000	R	DE216	2009-01-01T00:00:00.000Z	126572	1110,660000000000000	2455436976,230470000000000	349101,620333483000000	9173	
229	09174	09174	091740115115	Dachau	Landkreis	43	--	09	1	74	00	00	000	R	DE217	2009-01-01T00:00:00.000Z	152703	579,150000000000000	1310362333,150390000000000	247091,871048404000000	9174	
230	09175	09175	091750115115	Ebersberg	Landkreis	43	--	09	1	75	00	00	000	R	DE218	2009-01-01T00:00:00.000Z	140800	549,380000000000000	1230813847,773440000000000	234582,259994806000000	9175	
231	09176	09176	091760123123	Eichstätt	Landkreis	43	--	09	1	76	00	00	000	R	DE219	2017-03-13T00:00:00.000Z	131646	1213,830000000000000	2807677852,864750000000000	467173,175109329000000	9176	
232	09177	09177	091770117117	Erding	Landkreis	43	--	09	1	77	00	00	000	R	DE21A	2009-01-01T00:00:00.000Z	136884	870,730000000000000	1966379848,107420000000000	276314,420565460000000	9177	
233	09178	09178	091780124124	Freising	Landkreis	43	--	09	1	78	00	00	000	R	DE21B	2009-01-01T00:00:00.000Z	177997	799,840000000000000	1813217914,520510000000000	298620,598228460000000	9178	
234	09179	09179	091790121121	Fürstenfeldbruck	Landkreis	43	--	09	1	79	00	00	000	R	DE21C	2009-01-01T00:00:00.000Z	217831	434,830000000000000	977186749,340820000000000	226033,390054921000000	9179	
235	09180	09180	091800117117	Garmisch-Partenkirchen	Landkreis	43	--	09	1	80	00	00	000	R	DE21D	2009-01-01T00:00:00.000Z	88155	1012,200000000000000	2220512515,591800000000000	299547,844478292000000	9180	
236	09181	09181	091810130130	Landsberg am Lech	Landkreis	43	--	09	1	81	00	00	000	R	DE21E	2009-01-01T00:00:00.000Z	119141	804,380000000000000	1795334360,096680000000000	329138,420771960000000	9181	
237	09182	09182	091820125125	Miesbach	Landkreis	43	--	09	1	82	00	00	000	R	DE21F	2011-01-01T00:00:00.000Z	99189	866,220000000000000	1915532006,849610000000000	312957,021268389000000	9182	
238	09183	09183	091830128128	Mühldorf a. Inn	Landkreis	43	--	09	1	83	00	00	000	R	DE21G	2009-01-01T00:00:00.000Z	114486	805,350000000000000	1813799145,777340000000000	377141,738404200000000	9183	
239	09184	09184	091620000000	München	Landkreis	43	--	09	1	84	00	00	000	R	DE21H	2011-01-01T00:00:00.000Z	346433	664,260000000000000	1486362127,719730000000000	378572,453834970000000	9184	
240	09185	09185	091850149149	Neuburg-Schrobenhausen	Landkreis	43	--	09	1	85	00	00	000	R	DE21I	2009-01-01T00:00:00.000Z	96164	739,720000000000000	1695078716,419920000000000	334944,519057305000000	9185	
241	09186	09186	091860143143	Pfaffenhofen a.d. Ilm	Landkreis	43	--	09	1	86	00	00	000	R	DE21J	2017-03-13T00:00:00.000Z	126244	761,040000000000000	1737772541,496090000000000	346746,802457217000000	9186	
242	09187	09187	091630000000	Rosenheim	Landkreis	43	--	09	1	87	00	00	000	R	DE21K	2004-12-31T00:00:00.000Z	259449	1439,450000000000000	3200315144,563960000000000	563563,772154054000000	9187	
243	09188	09188	091880139139	Starnberg	Landkreis	43	--	09	1	88	00	00	000	R	DE21L	2009-01-01T00:00:00.000Z	135545	487,720000000000000	1086845350,681150000000000	231267,013899729000000	9188	
244	09189	09189	091890155155	Traunstein	Landkreis	43	--	09	1	89	00	00	000	R	DE21M	2009-01-01T00:00:00.000Z	176290	1533,830000000000000	3407608074,883300000000000	471102,420037072000000	9189	
245	09190	09190	091900157157	Weilheim-Schongau	Landkreis	43	--	09	1	90	00	00	000	R	DE21N	2009-01-01T00:00:00.000Z	134252	966,280000000000000	2141627564,053710000000000	405393,202038164000000	9190	
246	09261	09261	092610000000	Landshut	Kreisfreie Stadt	40	--	09	2	61	00	00	000	R	DE221	1974-07-01T00:00:00.000Z	71193	65,830000000000000	150823938,434082000000000	101558,815218547000000	9261	
247	09262	09262	092620000000	Passau	Kreisfreie Stadt	40	--	09	2	62	00	00	000	R	DE222	2016-01-01T00:00:00.000Z	51781	69,560000000000000	160315431,902344000000000	87886,516421627500000	9262	
248	09263	09263	092630000000	Straubing	Kreisfreie Stadt	40	--	09	2	63	00	00	000	R	DE223	1972-07-01T00:00:00.000Z	47586	67,590000000000000	156242866,510254000000000	83984,530326931900000	9263	
249	09271	09271	092710119119	Deggendorf	Landkreis	43	--	09	2	71	00	00	000	R	DE224	2013-04-01T00:00:00.000Z	118741	861,150000000000000	1981518865,143550000000000	324279,871143441000000	9271	
250	09272	09272	092720118118	Freyung-Grafenau	Landkreis	43	--	09	2	72	00	00	000	R	DE225	2013-04-01T00:00:00.000Z	78345	983,990000000000000	2268251423,125980000000000	310300,056269357000000	9272	
251	09273	09273	092730137137	Kelheim	Landkreis	43	--	09	2	73	00	00	000	R	DE226	2017-03-13T00:00:00.000Z	121119	1065,190000000000000	2454320856,408690000000000	420963,388417532000000	9273	
252	09274	09274	092610000000	Landshut	Landkreis	43	--	09	2	74	00	00	000	R	DE227	2004-12-31T00:00:00.000Z	157239	1347,560000000000000	3073432256,264650000000000	530846,249126584000000	9274	
253	09275	09275	092620000000	Passau	Landkreis	43	--	09	2	75	00	00	000	R	DE228	2016-01-01T00:00:00.000Z	190504	1530,090000000000000	3490028645,402340000000000	526728,194289244000000	9275	
254	09276	09276	092760138138	Regen	Landkreis	43	--	09	2	76	00	00	000	R	DE229	2009-01-01T00:00:00.000Z	77489	974,790000000000000	2264920505,272460000000000	295660,076912600000000	9276	
255	09277	09277	092770138138	Rottal-Inn	Landkreis	43	--	09	2	77	00	00	000	R	DE22A	2009-01-01T00:00:00.000Z	120371	1281,220000000000000	2906613703,281740000000000	438388,483117181000000	9277	
256	09278	09278	092630000000	Straubing-Bogen	Landkreis	43	--	09	2	78	00	00	000	R	DE22B	1978-05-01T00:00:00.000Z	99838	1201,640000000000000	2776675537,625980000000000	506105,719186319000000	9278	
257	09279	09279	092790112112	Dingolfing-Landau	Landkreis	43	--	09	2	79	00	00	000	R	DE22C	2009-01-01T00:00:00.000Z	95831	877,570000000000000	2007950394,213380000000000	398221,197643178000000	9279	
258	09361	09361	093610000000	Amberg	Kreisfreie Stadt	40	--	09	3	61	00	00	000	R	DE231	1972-07-01T00:00:00.000Z	42248	50,130000000000000	119216888,153809000000000	69504,373647506800000	9361	
259	09362	09362	093620000000	Regensburg	Kreisfreie Stadt	40	--	09	3	62	00	00	000	R	DE232	2016-06-01T00:00:00.000Z	150894	80,850000000000000	185035655,154785000000000	90722,384919809700000	9362	
260	09363	09363	093630000000	Weiden i.d. OPf.	Kreisfreie Stadt	40	--	09	3	63	00	00	000	R	DE233	2011-06-01T00:00:00.000Z	42543	70,570000000000000	168352306,154785000000000	110511,679505693000000	9363	
261	09371	09371	093610000000	Amberg-Sulzbach	Landkreis	43	--	09	3	71	00	00	000	R	DE234	1973-05-01T00:00:00.000Z	102836	1255,860000000000000	2970839965,829100000000000	579490,306087060000000	9371	
262	09372	09372	093720116116	Cham	Landkreis	43	--	09	3	72	00	00	000	R	DE235	2017-01-01T00:00:00.000Z	127339	1526,820000000000000	3578407926,515630000000000	458013,376451144000000	9372	
263	09373	09373	093730147147	Neumarkt i.d. OPf.	Landkreis	43	--	09	3	73	00	00	000	R	DE236	2012-04-18T00:00:00.000Z	132644	1343,950000000000000	3148248460,614260000000000	465055,299852355000000	9373	
264	09374	09374	093740139139	Neustadt a.d. Waldnaab	Landkreis	43	--	09	3	74	00	00	000	R	DE237	2017-07-01T00:00:00.000Z	94486	1427,700000000000000	3408392303,055180000000000	595426,314613209000000	9374	
265	09375	09375	093620000000	Regensburg	Landkreis	43	--	09	3	75	00	00	000	R	DE238	2016-06-01T00:00:00.000Z	192200	1391,710000000000000	3236440785,704100000000000	627590,316356407000000	9375	
266	09376	09376	093760161161	Schwandorf	Landkreis	43	--	09	3	76	00	00	000	R	DE239	2017-01-01T00:00:00.000Z	146487	1458,390000000000000	3435555743,678220000000000	532807,581842956000000	9376	
267	09377	09377	093770154154	Tirschenreuth	Landkreis	43	--	09	3	77	00	00	000	R	DE23A	2009-01-01T00:00:00.000Z	72730	1084,260000000000000	2610999331,103520000000000	355643,252287660000000	9377	
268	09461	09461	094610000000	Bamberg	Kreisfreie Stadt	40	--	09	4	61	00	00	000	R	DE241	1972-07-01T00:00:00.000Z	77179	54,620000000000000	132280349,350586000000000	63557,599505705900000	9461	
269	09462	09462	094620000000	Bayreuth	Kreisfreie Stadt	40	--	09	4	62	00	00	000	R	DE242	2005-01-01T00:00:00.000Z	73999	66,890000000000000	161551846,234375000000000	100380,308843933000000	9462	
270	09463	09463	094630000000	Coburg	Kreisfreie Stadt	40	--	09	4	63	00	00	000	R	DE243	1977-01-01T00:00:00.000Z	41236	48,290000000000000	117684538,315918000000000	74216,836368896300000	9463	
271	09464	09464	094640000000	Hof	Kreisfreie Stadt	40	--	09	4	64	00	00	000	R	DE244	1978-05-01T00:00:00.000Z	45950	58,020000000000000	142564522,569824000000000	85325,557611379500000	9464	
272	09471	09471	094610000000	Bamberg	Landkreis	43	--	09	4	71	00	00	000	R	DE245	1978-05-01T00:00:00.000Z	146584	1167,810000000000000	2808793020,138670000000000	562717,612340111000000	9471	
273	09472	09472	094620000000	Bayreuth	Landkreis	43	--	09	4	72	00	00	000	R	DE246	2017-07-01T00:00:00.000Z	103805	1273,630000000000000	3063996041,360350000000000	598753,709887001000000	9472	
274	09473	09473	094630000000	Coburg	Landkreis	43	--	09	4	73	00	00	000	R	DE247	2013-01-01T00:00:00.000Z	86885	590,410000000000000	1444550609,317870000000000	413894,332404510000000	9473	
275	09474	09474	094740126126	Forchheim	Landkreis	43	--	09	4	74	00	00	000	R	DE248	2009-01-01T00:00:00.000Z	115681	642,810000000000000	1536467190,518550000000000	311562,157272538000000	9474	
276	09475	09475	094640000000	Hof	Landkreis	43	--	09	4	75	00	00	000	R	DE249	1978-05-01T00:00:00.000Z	95773	892,520000000000000	2184684255,322270000000000	457516,510663412000000	9475	
277	09476	09476	094760145145	Kronach	Landkreis	43	--	09	4	76	00	00	000	R	DE24A	2009-01-01T00:00:00.000Z	67474	651,500000000000000	1596621554,582030000000000	305332,971914387000000	9476	
278	09477	09477	094770128128	Kulmbach	Landkreis	43	--	09	4	77	00	00	000	R	DE24B	2013-04-01T00:00:00.000Z	72012	658,320000000000000	1597560282,776860000000000	316478,489766403000000	9477	
279	09478	09478	094780139139	Lichtenfels	Landkreis	43	--	09	4	78	00	00	000	R	DE24C	2013-01-01T00:00:00.000Z	66777	519,940000000000000	1262195537,119630000000000	291581,498556134000000	9478	
280	09479	09479	094790169169	Wunsiedel i. Fichtelgebirge	Landkreis	43	--	09	4	79	00	00	000	R	DE24D	2009-01-01T00:00:00.000Z	73485	606,370000000000000	1470939091,141110000000000	229768,287557588000000	9479	
281	09561	09561	095610000000	Ansbach	Kreisfreie Stadt	40	--	09	5	61	00	00	000	R	DE251	2010-01-01T00:00:00.000Z	41652	99,910000000000000	234424054,095215000000000	107778,506722959000000	9561	
282	09562	09562	095620000000	Erlangen	Kreisfreie Stadt	40	--	09	5	62	00	00	000	R	DE252	1972-07-01T00:00:00.000Z	110998	76,960000000000000	185359307,525391000000000	81972,127492016300000	9562	
283	09563	09563	095630000000	Fürth	Kreisfreie Stadt	40	--	09	5	63	00	00	000	R	DE253	1972-07-01T00:00:00.000Z	126526	63,350000000000000	149880127,096191000000000	70522,794649729900000	9563	
284	09564	09564	095640000000	Nürnberg	Kreisfreie Stadt	40	--	09	5	64	00	00	000	R	DE254	2004-12-31T00:00:00.000Z	515201	186,450000000000000	443392621,786621000000000	212160,613932942000000	9564	
285	09565	09565	095650000000	Schwabach	Kreisfreie Stadt	40	--	09	5	65	00	00	000	R	DE255	1972-07-01T00:00:00.000Z	40781	40,800000000000000	95779555,818847700000000	68268,042575625900000	9565	
286	09571	09571	095610000000	Ansbach	Landkreis	43	--	09	5	71	00	00	000	R	DE256	2014-06-01T00:00:00.000Z	183256	1971,310000000000000	4625214816,724610000000000	669462,657951339000000	9571	
287	09572	09572	095620000000	Erlangen-Höchstadt	Landkreis	43	--	09	5	72	00	00	000	R	DE257	2004-12-31T00:00:00.000Z	135334	564,590000000000000	1344662589,317380000000000	466106,942690274000000	9572	
288	09573	09573	095730134134	Fürth	Landkreis	43	--	09	5	73	00	00	000	R	DE258	2009-01-01T00:00:00.000Z	116193	307,420000000000000	725916615,496094000000000	182486,723607363000000	9573	
289	09574	09574	095740138138	Nürnberger Land	Landkreis	43	--	09	5	74	00	00	000	R	DE259	2009-01-01T00:00:00.000Z	169752	799,510000000000000	1888804042,091310000000000	431013,089622434000000	9574	
290	09575	09575	095750153153	Neustadt a.d. Aisch-Bad Windsheim	Landkreis	43	--	09	5	75	00	00	000	R	DE25A	2014-06-01T00:00:00.000Z	99641	1267,450000000000000	3011267064,309570000000000	440802,055891216000000	9575	
291	09576	09576	095760143143	Roth	Landkreis	43	--	09	5	76	00	00	000	R	DE25B	2009-01-01T00:00:00.000Z	126101	895,140000000000000	2094674551,093750000000000	458184,490885392000000	9576	
292	09577	09577	095770177177	Weißenburg-Gunzenhausen	Landkreis	43	--	09	5	77	00	00	000	R	DE25C	2009-01-01T00:00:00.000Z	94208	970,780000000000000	2255366606,299320000000000	339778,336030959000000	9577	
293	09661	09661	096610000000	Aschaffenburg	Kreisfreie Stadt	40	--	09	6	61	00	00	000	R	DE261	1978-05-01T00:00:00.000Z	69928	62,450000000000000	149556474,349609000000000	78276,097986256800000	9661	
294	09662	09662	096620000000	Schweinfurt	Kreisfreie Stadt	40	--	09	6	62	00	00	000	R	DE262	1972-07-01T00:00:00.000Z	53437	35,700000000000000	85969900,560058600000000	61481,236110706400000	9662	
295	09663	09663	096630000000	Würzburg	Kreisfreie Stadt	40	--	09	6	63	00	00	000	R	DE263	1978-01-01T00:00:00.000Z	126635	87,600000000000000	210320590,472168000000000	100665,130938099000000	9663	
296	09671	09671	096610000000	Aschaffenburg	Landkreis	43	--	09	6	71	00	00	000	R	DE264	2011-07-01T00:00:00.000Z	173969	699,000000000000000	1690729892,324220000000000	356441,331437506000000	9671	
297	09672	09672	096720114114	Bad Kissingen	Landkreis	43	--	09	6	72	00	00	000	R	DE265	2015-01-01T00:00:00.000Z	103265	1136,850000000000000	2776047064,200200000000000	436064,008541277000000	9672	
298	09673	09673	096730114114	Rhön-Grabfeld	Landkreis	43	--	09	6	73	00	00	000	R	DE266	2015-01-01T00:00:00.000Z	79796	1021,720000000000000	2508261608,607420000000000	401209,126023076000000	9673	
299	09674	09674	096740147147	Haßberge	Landkreis	43	--	09	6	74	00	00	000	R	DE267	2009-01-01T00:00:00.000Z	84464	956,190000000000000	2318329774,278810000000000	388895,401704205000000	9674	
300	09675	09675	096750141141	Kitzingen	Landkreis	43	--	09	6	75	00	00	000	R	DE268	2009-01-01T00:00:00.000Z	90429	684,160000000000000	1636599422,145020000000000	311086,784944460000000	9675	
301	09676	09676	096760139139	Miltenberg	Landkreis	43	--	09	6	76	00	00	000	R	DE269	2009-01-01T00:00:00.000Z	128484	715,530000000000000	1711737509,086430000000000	349029,685073059000000	9676	
302	09677	09677	096770148148	Main-Spessart	Landkreis	43	--	09	6	77	00	00	000	R	DE26A	2009-01-01T00:00:00.000Z	126523	1321,240000000000000	3194814893,032710000000000	445646,301150955000000	9677	
303	09678	09678	096620000000	Schweinfurt	Landkreis	43	--	09	6	78	00	00	000	R	DE26B	1972-07-01T00:00:00.000Z	115105	841,380000000000000	2035619165,658690000000000	504917,059555221000000	9678	
304	09679	09679	096630000000	Würzburg	Landkreis	43	--	09	6	79	00	00	000	R	DE26C	1997-01-01T00:00:00.000Z	161340	968,330000000000000	2312836173,239260000000000	521195,927420776000000	9679	
305	09761	09761	097610000000	Augsburg	Kreisfreie Stadt	40	--	09	7	61	00	00	000	R	DE271	2015-10-01T00:00:00.000Z	292851	146,870000000000000	331276555,280273000000000	129842,845924925000000	9761	
306	09762	09762	097620000000	Kaufbeuren	Kreisfreie Stadt	40	--	09	7	62	00	00	000	R	DE272	1972-07-01T00:00:00.000Z	43478	40,020000000000000	89869590,255859400000000	58684,070136787300000	9762	
307	09763	09763	097630000000	Kempten (Allgäu)	Kreisfreie Stadt	40	--	09	7	63	00	00	000	R	DE273	1972-07-01T00:00:00.000Z	68330	63,280000000000000	139764016,596191000000000	79526,787708299000000	9763	
308	09764	09764	097640000000	Memmingen	Kreisfreie Stadt	40	--	09	7	64	00	00	000	R	DE274	1978-05-01T00:00:00.000Z	43470	70,110000000000000	155776888,407227000000000	94318,936071733200000	9764	
309	09771	09771	097710113113	Aichach-Friedberg	Landkreis	43	--	09	7	71	00	00	000	R	DE275	2015-10-01T00:00:00.000Z	132596	780,250000000000000	1769645668,202150000000000	340574,094081072000000	9771	
310	09772	09772	097610000000	Augsburg	Landkreis	43	--	09	7	72	00	00	000	R	DE276	2016-07-01T00:00:00.000Z	249838	1070,610000000000000	2424698998,602540000000000	464837,000102413000000	9772	
311	09773	09773	097730125125	Dillingen a.d. Donau	Landkreis	43	--	09	7	73	00	00	000	R	DE277	2009-01-01T00:00:00.000Z	95159	792,240000000000000	1808038571,816890000000000	365827,056744392000000	9773	
312	09774	09774	097740135135	Günzburg	Landkreis	43	--	09	7	74	00	00	000	R	DE278	2016-07-01T00:00:00.000Z	124519	762,420000000000000	1727550774,483400000000000	348932,901777291000000	9774	
313	09775	09775	097750135135	Neu-Ulm	Landkreis	43	--	09	7	75	00	00	000	R	DE279	2009-01-01T00:00:00.000Z	172546	515,870000000000000	1164378335,625000000000000	224002,544505722000000	9775	
314	09776	09776	097760116116	Lindau (Bodensee)	Landkreis	43	--	09	7	76	00	00	000	R	DE27A	2009-01-01T00:00:00.000Z	81148	323,380000000000000	710512835,452148000000000	213528,062795985000000	9776	
315	09777	09777	097770151151	Ostallgäu	Landkreis	43	--	09	7	77	00	00	000	R	DE27B	2009-01-01T00:00:00.000Z	139278	1394,470000000000000	3082281225,164550000000000	608948,414324234000000	9777	
316	09778	09778	097780173173	Unterallgäu	Landkreis	43	--	09	7	78	00	00	000	R	DE27C	2009-01-01T00:00:00.000Z	142544	1229,570000000000000	2749166212,018070000000000	486906,283630197000000	9778	
317	09779	09779	097790131131	Donau-Ries	Landkreis	43	--	09	7	79	00	00	000	R	DE27D	2009-01-01T00:00:00.000Z	133043	1274,570000000000000	2935358878,751460000000000	507664,539124114000000	9779	
318	09780	09780	097800139139	Oberallgäu	Landkreis	43	--	09	7	80	00	00	000	R	DE27E	2009-01-01T00:00:00.000Z	154568	1527,980000000000000	3355979026,623050000000000	507429,850446884000000	9780	
319	10041	10041	100410100100	Regionalverband Saarbrücken	Landkreis	45	Sonderverband	10	0	41	00	00	000	R	DEC01	2009-01-01T00:00:00.000Z	330150	410,950000000000000	964967910,911133000000000	246820,604921035000000	10041	
320	10042	10042	100420113113	Merzig-Wadern	Landkreis	43	--	10	0	42	00	00	000	R	DEC02	2009-01-01T00:00:00.000Z	103656	556,660000000000000	1318247918,628910000000000	238128,370887823000000	10042	
321	10043	10043	100430115115	Neunkirchen	Landkreis	43	--	10	0	43	00	00	000	R	DEC03	2009-01-01T00:00:00.000Z	133297	249,800000000000000	584799353,272949000000000	165674,933470960000000	10043	
322	10044	10044	100440115115	Saarlouis	Landkreis	43	--	10	0	44	00	00	000	R	DEC04	2009-01-01T00:00:00.000Z	195815	459,360000000000000	1080909642,769530000000000	243470,268279977000000	10044	
323	10045	10045	100450114114	Saarpfalz-Kreis	Landkreis	43	--	10	0	45	00	00	000	R	DEC05	2009-01-01T00:00:00.000Z	143402	418,280000000000000	982490924,038086000000000	244497,538056098000000	10045	
324	10046	10046	100460117117	St. Wendel	Landkreis	43	--	10	0	46	00	00	000	R	DEC06	2009-01-01T00:00:00.000Z	87867	476,070000000000000	1129276068,420900000000000	226157,437399174000000	10046	
325	11000	11000	110000000000	Berlin	Kreisfreie Stadt	40	--	11	0	00	00	00	000	R	DE300	1990-10-03T00:00:00.000Z	3613495	891,120000000000000	2402458320,609380000000000	363979,182407390000000	11000	
326	12051	12051	120510000000	Brandenburg an der Havel	Kreisfreie Stadt	40	--	12	0	51	00	00	000	R	DE401	2012-10-01T00:00:00.000Z	71886	229,720000000000000	615018149,063477000000000	230904,060759441000000	12051	
327	12052	12052	120520000000	Cottbus	Kreisfreie Stadt	40	--	12	0	52	00	00	000	R	DE402	2003-10-26T00:00:00.000Z	101036	165,630000000000000	430531053,506836000000000	141491,845121927000000	12052	
328	12053	12053	120530000000	Frankfurt (Oder)	Kreisfreie Stadt	40	--	12	0	53	00	00	000	R	DE403	2002-05-31T00:00:00.000Z	58237	147,850000000000000	394789875,569336000000000	108153,206848533000000	12053	
329	12054	12054	120540000000	Potsdam	Kreisfreie Stadt	40	--	12	0	54	00	00	000	R	DE404	2014-09-11T00:00:00.000Z	175710	188,260000000000000	501969889,639648000000000	157741,967288232000000	12054	
330	12060	12060	120600052052	Barnim	Landkreis	43	--	12	0	60	00	00	000	R	DE405	2009-01-01T00:00:00.000Z	180864	1479,600000000000000	4048211757,499020000000000	561364,428200757000000	12060	
331	12061	12061	120610316316	Dahme-Spreewald	Landkreis	43	--	12	0	61	00	00	000	R	DE406	2015-01-19T00:00:00.000Z	167319	2274,530000000000000	6005767112,375000000000000	707796,112865636000000	12061	
332	12062	12062	120620224224	Elbe-Elster	Landkreis	43	--	12	0	62	00	00	000	R	DE407	2009-01-01T00:00:00.000Z	103455	1899,600000000000000	4920397691,283200000000000	490220,341722339000000	12062	
333	12063	12063	120630252252	Havelland	Landkreis	43	--	12	0	63	00	00	000	R	DE408	2012-10-01T00:00:00.000Z	160710	1727,300000000000000	4679055439,226560000000000	566823,513558346000000	12063	
334	12064	12064	120640448448	Märkisch-Oderland	Landkreis	43	--	12	0	64	00	00	000	R	DE409	2009-01-01T00:00:00.000Z	192921	2158,660000000000000	5840478692,044920000000000	517312,914503819000000	12064	
335	12065	12065	120650256256	Oberhavel	Landkreis	43	--	12	0	65	00	00	000	R	DE40A	2009-01-01T00:00:00.000Z	209893	1808,160000000000000	4961588456,981450000000000	596229,979321369000000	12065	
336	12066	12066	120660304304	Oberspreewald-Lausitz	Landkreis	43	--	12	0	66	00	00	000	R	DE40B	2009-01-01T00:00:00.000Z	111122	1223,050000000000000	3167297817,942380000000000	406818,040841048000000	12066	
337	12067	12067	120670036036	Oder-Spree	Landkreis	43	--	12	0	67	00	00	000	R	DE40C	2015-01-19T00:00:00.000Z	178347	2256,760000000000000	6010813948,524410000000000	612271,535985686000000	12067	
338	12068	12068	120680320320	Ostprignitz-Ruppin	Landkreis	43	--	12	0	68	00	00	000	R	DE40D	2011-01-01T00:00:00.000Z	99368	2526,550000000000000	6958783938,951170000000000	635740,588128380000000	12068	
339	12069	12069	120690020020	Potsdam-Mittelmark	Landkreis	43	--	12	0	69	00	00	000	R	DE40E	2014-09-11T00:00:00.000Z	213214	2592,070000000000000	6905796213,896480000000000	770803,642159981000000	12069	
340	12070	12070	120700296296	Prignitz	Landkreis	43	--	12	0	70	00	00	000	R	DE40F	2009-01-01T00:00:00.000Z	77263	2138,570000000000000	5924438816,833500000000000	524186,232735310000000	12070	
341	12071	12071	120710076076	Spree-Neiße	Landkreis	43	--	12	0	71	00	00	000	R	DE40G	2009-01-01T00:00:00.000Z	115456	1656,970000000000000	4318486685,494140000000000	563914,325284843000000	12071	
342	12072	12072	120720232232	Teltow-Fläming	Landkreis	43	--	12	0	72	00	00	000	R	DE40H	2009-01-01T00:00:00.000Z	166890	2104,220000000000000	5560043582,504880000000000	518952,149899798000000	12072	
343	12073	12073	120730452452	Uckermark	Landkreis	43	--	12	0	73	00	00	000	R	DE40I	2009-01-01T00:00:00.000Z	120349	3076,960000000000000	8558501678,913090000000000	654739,123847805000000	12073	
344	13003	13003	130030000000	Rostock	Kreisfreie Stadt	40	--	13	0	03	00	00	000	R	DE803	2007-01-01T00:00:00.000Z	208409	181,360000000000000	492648879,156250000000000	230858,770754947000000	13003	
345	13004	13004	130040000000	Schwerin	Kreisfreie Stadt	40	--	13	0	04	00	00	000	R	DE804	1990-10-03T00:00:00.000Z	95797	130,520000000000000	368988990,229492000000000	117045,438720930000000	13004	
346	13071	13071	130710107107	Mecklenburgische Seenplatte	Landkreis	43	--	13	0	71	00	00	000	R	DE80J	2011-09-04T00:00:00.000Z	260574	5495,620000000000000	15533898356,703100000000000	864557,833365184000000	13071	
347	13072	13072	130720043043	Rostock	Landkreis	43	--	13	0	72	00	00	000	R	DE80K	2011-09-04T00:00:00.000Z	214635	3431,270000000000000	9863188517,171880000000000	798408,163942590000000	13072	
348	13073	13073	130730088088	Vorpommern-Rügen	Landkreis	43	--	13	0	73	00	00	000	R	DE80L	2011-09-04T00:00:00.000Z	225123	3215,020000000000000	9262243400,242190000000000	1935419,009978100000000	13073	
349	13074	13074	130740087087	Nordwestmecklenburg	Landkreis	43	--	13	0	74	00	00	000	R	DE80M	2011-09-04T00:00:00.000Z	156993	2127,090000000000000	6085098195,311520000000000	717037,710063622000000	13074	
350	13075	13075	130750039039	Vorpommern-Greifswald	Landkreis	43	--	13	0	75	00	00	000	R	DE80N	2011-09-04T00:00:00.000Z	237066	3945,590000000000000	10849688370,157200000000000	1405002,366668290000000	13075	
351	13076	13076	130760108108	Ludwigslust-Parchim	Landkreis	43	--	13	0	76	00	00	000	R	DE80O	2014-11-01T00:00:00.000Z	212522	4766,790000000000000	13416979701,088400000000000	914593,127578547000000	13076	
352	14511	14511	145110000000	Chemnitz	Kreisfreie Stadt	40	--	14	5	11	00	00	000	K	DED41	2008-08-01T00:00:00.000Z	246855	221,050000000000000	553524129,850586000000000	150535,061208552000000	14511	
353	14521	14521	145210020020	Erzgebirgskreis	Landkreis	43	--	14	5	21	00	00	000	K	DED42	2012-12-01T00:00:00.000Z	340373	1827,900000000000000	4530795580,200200000000000	497994,945188251000000	14521	
354	14522	14522	145220180180	Mittelsachsen	Landkreis	43	--	14	5	22	00	00	000	K	DED43	2015-07-01T00:00:00.000Z	308153	2116,880000000000000	5321329859,143550000000000	585577,712699949000000	14522	
355	14523	14523	145230320320	Vogtlandkreis	Landkreis	43	--	14	5	23	00	00	000	K	DED44	2009-01-01T00:00:00.000Z	229584	1412,440000000000000	3479993878,413090000000000	488781,962181997000000	14523	
356	14524	14524	145240330330	Zwickau	Landkreis	43	--	14	5	24	00	00	000	K	DED45	2012-12-01T00:00:00.000Z	319988	949,780000000000000	2369185337,966800000000000	373528,388266915000000	14524	
357	14612	14612	146120000000	Dresden	Kreisfreie Stadt	40	--	14	6	12	00	00	000	K	DED21	2008-08-01T00:00:00.000Z	551072	328,480000000000000	829236478,839844000000000	199743,535981438000000	14612	
358	14625	14625	146250020020	Bautzen	Landkreis	43	--	14	6	25	00	00	000	K	DED2C	2009-01-01T00:00:00.000Z	302634	2395,580000000000000	6110819257,291990000000000	552464,328594680000000	14625	
359	14626	14626	146260110110	Görlitz	Landkreis	43	--	14	6	26	00	00	000	K	DED2D	2009-01-01T00:00:00.000Z	256587	2111,400000000000000	5375552881,134770000000000	546557,776082772000000	14626	
360	14627	14627	146270140140	Meißen	Landkreis	43	--	14	6	27	00	00	000	K	DED2E	2015-07-01T00:00:00.000Z	242862	1454,580000000000000	3713699974,699220000000000	418019,543800422000000	14627	
361	14628	14628	146285229270	Sächsische Schweiz-Osterzgebirge	Landkreis	43	--	14	6	28	00	00	000	K	DED2F	2013-04-11T00:00:00.000Z	245418	1654,190000000000000	4154949231,332030000000000	456608,500060870000000	14628	
362	14713	14713	147130000000	Leipzig	Kreisfreie Stadt	40	--	14	7	13	00	00	000	K	DED51	2008-08-01T00:00:00.000Z	581980	297,800000000000000	765286283,677734000000000	193913,315546586000000	14713	
363	14729	14729	147290050050	Leipzig	Landkreis	43	--	14	7	29	00	00	000	K	DED52	2014-02-01T00:00:00.000Z	258008	1651,340000000000000	4204027211,806640000000000	543049,283823846000000	14729	
364	14730	14730	147305311310	Nordsachsen	Landkreis	43	--	14	7	30	00	00	000	K	DED53	2008-08-01T00:00:00.000Z	197794	2028,540000000000000	5218097788,699220000000000	657276,650852275000000	14730	
365	15001	15001	150010000000	Dessau-Roßlau	Kreisfreie Stadt	40	--	15	0	01	00	00	000	R	DEE01	2007-07-01T00:00:00.000Z	82111	244,750000000000000	644445952,949219000000000	187077,531050981000000	15001	
366	15002	15002	150020000000	Halle (Saale)	Kreisfreie Stadt	40	--	15	0	02	00	00	000	R	DEE02	2007-07-01T00:00:00.000Z	239173	135,030000000000000	349402111,118164000000000	124757,178366557000000	15002	
367	15003	15003	150030000000	Magdeburg	Kreisfreie Stadt	40	--	15	0	03	00	00	000	R	DEE03	2007-07-01T00:00:00.000Z	238478	201,010000000000000	531025992,696777000000000	137799,285053088000000	15003	
368	15081	15081	150810455455	Altmarkkreis Salzwedel	Landkreis	43	--	15	0	81	00	00	000	R	DEE04	2009-01-01T00:00:00.000Z	84457	2293,260000000000000	6257393383,637210000000000	501202,813675393000000	15081	
369	15082	15082	150820180180	Anhalt-Bitterfeld	Landkreis	43	--	15	0	82	00	00	000	R	DEE05	2009-01-01T00:00:00.000Z	161264	1454,250000000000000	3813187973,011720000000000	547520,491195430000000	15082	
370	15083	15083	150830270270	Börde	Landkreis	43	--	15	0	83	00	00	000	R	DEE07	2009-01-01T00:00:00.000Z	172619	2366,850000000000000	6323391967,090820000000000	607246,442901954000000	15083	
371	15084	15084	150840355355	Burgenlandkreis	Landkreis	43	--	15	0	84	00	00	000	R	DEE08	2014-02-01T00:00:00.000Z	181968	1413,720000000000000	3600501370,898930000000000	471025,507079812000000	15084	
372	15085	15085	150850135135	Harz	Landkreis	43	--	15	0	85	00	00	000	R	DEE09	2009-01-01T00:00:00.000Z	216299	2104,590000000000000	5508588170,456050000000000	526101,621656939000000	15085	
373	15086	15086	150860015015	Jerichower Land	Landkreis	43	--	15	0	86	00	00	000	R	DEE06	2009-01-01T00:00:00.000Z	90465	1576,890000000000000	4235700868,366210000000000	404519,865145067000000	15086	
374	15087	15087	150870370370	Mansfeld-Südharz	Landkreis	43	--	15	0	87	00	00	000	R	DEE0A	2009-01-01T00:00:00.000Z	138013	1448,860000000000000	3758261074,700200000000000	531600,534350323000000	15087	
375	15088	15088	150880220220	Saalekreis	Landkreis	43	--	15	0	88	00	00	000	R	DEE0B	2007-07-01T00:00:00.000Z	185494	1433,730000000000000	3698976143,179200000000000	595932,980562221000000	15088	
376	15089	15089	150890030030	Salzlandkreis	Landkreis	43	--	15	0	89	00	00	000	R	DEE0C	2007-07-12T00:00:00.000Z	192739	1427,130000000000000	3755417266,303710000000000	426646,675651209000000	15089	
377	15090	15090	150900535535	Stendal	Landkreis	43	--	15	0	90	00	00	000	R	DEE0D	2007-07-01T00:00:00.000Z	113186	2423,270000000000000	6623417328,889650000000000	640388,578852601000000	15090	
378	15091	15091	150910375375	Wittenberg	Landkreis	43	--	15	0	91	00	00	000	R	DEE0E	2009-01-01T00:00:00.000Z	126815	1930,480000000000000	5077297934,315430000000000	466030,736546149000000	15091	
379	16051	16051	160510000000	Erfurt	Kreisfreie Stadt	40	--	16	0	51	00	00	000	R	DEG01	1994-10-12T00:00:00.000Z	212988	269,910000000000000	681327838,684570000000000	168282,569766933000000	16051	
380	16052	16052	160520000000	Gera	Kreisfreie Stadt	40	--	16	0	52	00	00	000	R	DEG02	1994-07-01T00:00:00.000Z	94859	152,190000000000000	382229098,865234000000000	118818,278214994000000	16052	
381	16053	16053	160530000000	Jena	Kreisfreie Stadt	40	--	16	0	53	00	00	000	R	DEG03	1994-07-01T00:00:00.000Z	111099	114,760000000000000	288611459,583008000000000	109127,066719592000000	16053	
382	16054	16054	160540000000	Suhl	Kreisfreie Stadt	40	--	16	0	54	00	00	000	R	DEG04	1994-07-01T00:00:00.000Z	35166	103,030000000000000	254219028,369141000000000	128889,148469014000000	16054	
383	16055	16055	160550000000	Weimar	Kreisfreie Stadt	40	--	16	0	55	00	00	000	R	DEG05	1994-07-01T00:00:00.000Z	64426	84,480000000000000	212639514,777832000000000	101520,929710555000000	16055	
384	16056	16056	160560000000	Eisenach	Kreisfreie Stadt	40	--	16	0	56	00	00	000	R	DEG0N	1998-01-01T00:00:00.000Z	42710	104,170000000000000	263351956,662598000000000	109062,182931489000000	16056	
385	16061	16061	160610045045	Eichsfeld	Landkreis	43	--	16	0	61	00	00	000	R	DEG06	2009-01-01T00:00:00.000Z	100645	943,080000000000000	2416295608,490720000000000	332609,376085245000000	16061	
386	16062	16062	160620041041	Nordhausen	Landkreis	43	--	16	0	62	00	00	000	R	DEG07	2009-01-01T00:00:00.000Z	84697	713,910000000000000	1840466247,280270000000000	296739,153571385000000	16062	
387	16063	16063	160635051003	Wartburgkreis	Landkreis	43	--	16	0	63	00	00	000	R	DEG0P	2009-01-01T00:00:00.000Z	123764	1307,460000000000000	3277343829,734380000000000	670476,922800954000000	16063	
388	16064	16064	160640046046	Unstrut-Hainich-Kreis	Landkreis	43	--	16	0	64	00	00	000	R	DEG09	2009-01-01T00:00:00.000Z	103504	979,680000000000000	2488797047,293950000000000	343888,138443033000000	16064	
389	16065	16065	160650067067	Kyffhäuserkreis	Landkreis	43	--	16	0	65	00	00	000	R	DEG0A	2009-01-01T00:00:00.000Z	75818	1037,890000000000000	2654027271,123540000000000	433445,921915615000000	16065	
390	16066	16066	160665050042	Schmalkalden-Meiningen	Landkreis	43	--	16	0	66	00	00	000	R	DEG0B	2009-01-01T00:00:00.000Z	122952	1210,740000000000000	3005704900,465820000000000	447838,081662874000000	16066	
391	16067	16067	160670029029	Gotha	Landkreis	43	--	16	0	67	00	00	000	R	DEG0C	2009-01-01T00:00:00.000Z	135521	936,090000000000000	2351154743,127440000000000	316714,016754073000000	16067	
392	16068	16068	160680051051	Sömmerda	Landkreis	43	--	16	0	68	00	00	000	R	DEG0D	2009-01-01T00:00:00.000Z	70027	806,880000000000000	2048517241,876460000000000	366614,516970310000000	16068	
393	16069	16069	160690024024	Hildburghausen	Landkreis	43	--	16	0	69	00	00	000	R	DEG0E	2009-01-01T00:00:00.000Z	63923	938,430000000000000	2308234561,285160000000000	417007,319947063000000	16069	
394	16070	16070	160705050004	Ilm-Kreis	Landkreis	43	--	16	0	70	00	00	000	R	DEG0F	2009-01-01T00:00:00.000Z	108830	843,730000000000000	2103066433,516600000000000	351209,128941318000000	16070	
395	16071	16071	160710001001	Weimarer Land	Landkreis	43	--	16	0	71	00	00	000	R	DEG0G	2009-01-01T00:00:00.000Z	82131	804,490000000000000	2025880802,557130000000000	427759,919630127000000	16071	
396	16072	16072	160720018018	Sonneberg	Landkreis	43	--	16	0	72	00	00	000	R	DEG0H	2009-01-01T00:00:00.000Z	56361	433,610000000000000	1065264067,523440000000000	252703,501904670000000	16072	
397	16073	16073	160730077077	Saalfeld-Rudolstadt	Landkreis	43	--	16	0	73	00	00	000	R	DEG0I	2009-01-01T00:00:00.000Z	107368	1036,030000000000000	2573214228,821780000000000	455039,124662586000000	16073	
398	16074	16074	160745052018	Saale-Holzland-Kreis	Landkreis	43	--	16	0	74	00	00	000	R	DEG0J	2009-01-01T00:00:00.000Z	82990	815,250000000000000	2047993105,657710000000000	372310,628911381000000	16074	
399	16075	16075	160750098098	Saale-Orla-Kreis	Landkreis	43	--	16	0	75	00	00	000	R	DEG0K	2009-01-01T00:00:00.000Z	81501	1151,330000000000000	2852545786,733400000000000	400883,057876545000000	16075	
400	16076	16076	160765052022	Greiz	Landkreis	43	--	16	0	76	00	00	000	R	DEG0L	2009-01-01T00:00:00.000Z	99275	845,960000000000000	2111028135,565920000000000	454667,283635875000000	16076	
401	16077	16077	160770001001	Altenburger Land	Landkreis	43	--	16	0	77	00	00	000	R	DEG0M	2014-02-01T00:00:00.000Z	90650	569,440000000000000	1433292165,961910000000000	252877,709186502000000	16077	
